<?xml version="1.0" encoding="UTF-8"?>
<beans xmlns="http://www.springframework.org/schema/beans"
       xmlns:xsi="http://www.w3.org/2001/XMLSchema-instance"
       xsi:schemaLocation="http://www.springframework.org/schema/beans
        https://www.springframework.org/schema/beans/spring-beans.xsd">

<!--    <bean class="org.springframework.beans.factory.config.PropertyPlaceholderConfigurer" >-->
<!--        <property name="location" value="classpath:/META-INF/default.properties"/>-->
<!--        <property name="fileEncoding" value="UTF-8" />-->
<!--    </bean>-->

    <bean class="org.springframework.context.support.PropertySourcesPlaceholderConfigurer" >
        <!-- user.name  = "mercyblitz" 而非 "小马哥" -->
        <property name="location" value="classpath:/META-INF/default.properties"/>
        <property name="fileEncoding" value="UTF-8" />
    </bean>

    <bean id="user" class="org.geekbang.thinking.in.spring.ioc.overview.domain.User">
        <property name="id" value="${user.id}"/>
        <property name="name" value="${user.name}"/>
        <property name="city" value="${user.city}"/>
    </bean>

</beans>